COMPOUND_ID,True_Label,Predicted_pIC50
HE77,8.52,4.4190707
HE5282,5.0,5.638015
HE2088,5.8,5.1069264
HE583,6.85,8.03714
HE94,8.4,7.425035
HE5149,5.0,5.9247847
HE3488,5.3,5.84457
HE7077,4.52,4.299135
HE7338,4.48,4.892787
HE1023,6.36,4.811811
HE5557,4.9,5.036774
HE8006,4.28,5.201776
HE5082,5.0,4.8593564
HE5842,4.8,2.2586918
HE7795,4.36,5.0690966
HE4318,5.09,5.0887213
HE1672,5.96,5.9727554
HE5232,5.0,4.795733
HE8712,5.7,6.404251
HE5819,4.8,4.732551
HE6353,4.67,5.014561
HE6286,4.7,4.392224
HE1732,5.92,5.64188
HE361,7.4,6.964858
HE4324,5.09,5.827909
HE8251,4.1,4.3538914
HE2115,5.8,6.258146
HE568,6.89,6.588489
HE5541,4.9,4.6464396
HE2859,5.5,5.166867
HE1650,6.0,5.048991
HE2956,5.49,5.108274
HE6181,4.7,4.571513
HE8732,7.7,7.084292
HE8548,3.99,6.014352
HE2795,5.52,5.094857
HE4375,5.07,4.746641
HE6537,4.6,4.508372
HE3609,5.28,5.3532295
HE8370,4.0,4.98694
HE1331,6.1,5.9025764
HE8737,6.59,5.91014
HE8430,4.0,4.416341
HE448,7.1,6.231221
HE5465,4.92,5.5362887
HE4447,5.05,4.845242
HE7171,4.5,3.580525
HE6570,4.6,4.5571294
HE1666,5.97,4.7144766
HE4231,5.1,5.530715
HE1415,6.1,4.740917
HE484,7.0,5.4176483
HE6178,4.7,5.5180664
HE3705,5.24,4.514778
HE7166,4.5,4.4737825
HE8847,3.86,4.491911
HE1370,6.1,5.255277
HE316,7.52,7.4672747
HE9033,4.07,4.7658477
HE3313,5.36,4.7935724
HE6787,4.52,5.188428
HE3131,5.4,4.6938577
HE5033,5.0,4.434989
HE648,6.75,6.0169644
HE4668,5.0,6.632618
HE2616,5.6,4.644351
HE6092,4.74,3.9676013
HE4754,5.0,4.960932
HE2689,5.56,4.78978
HE7829,4.33,5.191547
HE6051,4.75,4.7772574
HE8246,4.1,8.073579
HE1091,6.3,6.1904025
HE5426,4.94,5.8169103
HE8093,4.22,4.2581453
HE5581,4.9,6.043042
HE765,6.6,6.6434584
HE3054,5.44,4.720016
HE1881,5.89,6.6527452
HE3915,5.2,5.0314064
HE2232,5.7,4.5412564
HE1569,6.0,5.781894
HE8043,4.22,4.7067313
HE2884,5.5,5.503599
HE2532,5.6,5.048517
HE4421,5.05,5.4131885
HE654,6.74,7.405188
HE7128,4.5,3.488312
HE2651,5.59,5.92755
HE3947,5.19,5.331093
HE4871,5.0,5.4875755
HE7173,4.5,3.9712563
HE7540,4.46,4.8253536
HE8447,4.0,4.4390407
HE3685,5.25,5.861611
HE3262,5.39,4.584554
HE5539,4.9,5.198814
HE2030,5.8,5.475563
HE4040,5.15,5.487486
HE1570,6.0,5.5296826
HE1497,6.0,5.6648445
HE2009,5.8,5.6073
HE322,7.51,5.902252
HE319,7.52,5.0104623
HE2685,5.57,5.1089616
HE1414,6.1,5.3967175
HE6383,4.65,4.7345266
HE48,8.72,9.433963
HE3520,5.3,5.3750987
HE961,6.4,5.062085
HE7834,4.32,4.3786
HE1513,6.0,5.729965
HE5014,5.0,4.4695563
HE1942,5.85,5.7530684
HE5267,5.0,4.3090453
HE4998,5.0,4.422511
HE5215,5.0,6.2034326
HE4378,5.07,5.502793
HE5141,5.0,5.1696334
HE6290,4.7,4.5280004
HE7835,4.32,7.0487943
HE1264,6.15,5.683568
HE3935,5.2,5.7569585
HE2233,5.7,4.114462
HE5412,4.95,4.4759426
HE1113,6.3,4.531069
HE8524,4.0,3.9794168
HE7328,4.48,6.3045616
HE4337,5.08,5.492685
HE8143,4.2,4.228155
HE7723,4.4,3.1434531
HE8291,4.07,6.267
HE1502,6.0,4.99653
HE8877,4.42,4.718
HE6514,4.6,5.25104
HE5621,4.89,5.1937785
HE6220,4.7,4.876001
HE3101,5.42,4.482303
HE8513,4.0,4.751761
HE8221,4.1,6.466652
HE3012,5.46,5.5737987
HE3593,5.29,5.063391
HE2134,5.77,5.9629235
HE3535,5.3,5.456643
HE458,7.1,6.898215
HE4363,5.1,4.428036
HE6517,4.6,5.1918564
HE6830,4.52,4.599521
HE8678,2.21,3.281789
HE3690,5.25,6.56985
HE5548,4.9,5.0069094
HE915,6.43,7.659294
HE5364,4.96,3.7515821
HE8507,4.0,3.9181323
HE2628,5.6,5.7593102
HE8607,3.72,5.7832623
HE6764,4.52,4.8206625
HE6212,4.7,4.9620447
HE712,6.7,4.350762
HE544,6.92,5.7015696
HE2923,5.5,5.370209
HE4343,5.08,5.2074914
HE1058,6.3,6.7202196
HE8814,3.51,4.8098454
HE5121,5.0,5.2340193
HE7390,4.48,4.655817
HE7106,4.51,4.496727
HE8956,4.2,4.4425087
HE2190,5.74,5.4778337
HE5246,5.0,5.4823494
HE8593,3.8,4.1006823
HE7212,4.5,4.8814416
HE1747,5.92,4.857763
HE3648,5.27,6.250893
HE4065,5.15,5.146046
HE8202,4.12,4.3638263
HE2583,5.6,4.487557
HE3529,5.3,5.4067087
HE4211,5.1,4.0217876
HE6592,4.6,5.9914093
HE2527,5.6,4.975973
HE6312,4.69,5.464937
HE734,6.66,6.9073153
HE7178,4.5,4.778664
HE2933,5.49,5.343642
HE4419,5.1,5.2614384
HE1128,6.29,6.030439
HE1784,5.9,5.2551713
HE783,6.6,4.6843276
HE8905,5.89,5.1347055
HE3284,5.38,6.023469
HE9018,5.0,5.0770283
HE5429,4.93,3.4950392
HE1143,6.26,5.2094836
HE2955,5.49,5.7143917
HE3056,5.44,5.642331
HE1781,5.9,4.496561
HE7349,4.48,3.7439466
HE8407,4.0,3.5998473
HE89,8.43,8.201433
HE96,8.38,8.714788
HE3008,5.46,4.9207854
HE8180,4.18,4.4190364
HE3962,5.19,5.514046
HE4077,5.14,4.3002343
HE1616,6.0,5.097002
HE8319,4.02,3.8964674
HE2692,5.56,5.5593333
HE1551,6.0,6.6548386
HE3734,5.23,4.304233
HE4505,5.0,5.328646
HE4394,5.07,4.7441134
HE6674,4.56,4.442549
HE1528,6.0,6.3484163
HE2848,5.5,3.8839896
HE3092,5.43,5.170267
HE7966,4.3,3.5483377
HE5565,4.9,4.0363393
HE4693,5.0,6.621937
HE2250,5.7,5.06634
HE120,8.3,6.254248
HE8534,4.0,3.0648413
HE2234,5.7,4.9859457
HE1898,5.88,6.545092
HE7195,4.5,3.9280007
HE767,6.6,6.654511
HE2511,5.62,5.436649
HE8650,3.48,3.2305431
HE4368,5.07,5.067981
HE5595,4.9,4.949932
HE4185,5.1,4.328083
HE2393,5.68,4.9041433
HE6068,4.75,4.4180923
HE9052,4.05,4.71493
HE331,7.5,7.380658
HE2035,5.8,5.0859327
HE249,7.8,6.708266
HE6342,4.68,4.4272456
HE5770,4.83,4.249521
HE1148,6.25,5.121385
HE5750,4.85,5.1985517
HE81,8.5,7.7687244
HE5991,4.78,4.829106
HE2681,5.57,5.158348
HE3756,5.22,4.116668
HE5853,4.8,4.710766
HE8321,4.02,4.940337
HE5703,4.85,4.0390596
HE8926,5.22,5.3633494
HE3366,5.33,7.021
HE7746,4.4,4.82917
HE4297,5.09,5.2687063
HE1700,5.96,4.41476
HE8631,3.52,4.6356287
HE6817,4.52,4.618894
HE287,7.6,7.7119555
HE1384,6.1,5.6305256
HE6691,4.55,4.732551
HE1299,6.12,6.806776
HE6867,4.52,5.0235815
HE2920,5.5,5.443367
HE5419,4.94,6.5460033
HE3887,5.2,5.1369534
HE6154,4.7,5.3600497
HE625,6.8,6.4365635
HE2652,5.59,5.1558857
HE7098,4.51,6.1171727
HE3773,5.22,5.601014
HE6459,4.62,5.651963
HE7637,4.44,5.128982
HE4274,5.1,4.9306936
HE170,8.0,6.0913854
HE5270,5.0,4.9870076
HE1618,6.0,6.433798
HE9051,5.6,5.5813236
HE5245,5.0,4.596446
HE1077,6.3,6.517468
HE5168,5.0,4.305686
HE4468,5.05,6.7110476
HE6207,4.7,4.67271
HE3992,5.17,5.191774
HE8981,5.4,4.4917808
HE4225,5.1,5.2208343
HE3568,5.3,5.7543344
HE8630,3.52,5.4746523
HE8000,4.3,4.076799
HE7500,4.48,6.0518055
HE5351,4.96,4.9878597
HE3681,5.25,7.155589
HE8098,4.22,5.4220705
HE2150,5.76,4.735267
HE624,6.8,5.9524508
HE8525,4.0,4.1697536
HE93,8.4,5.923483
HE1079,6.3,7.4370203
HE8204,4.12,4.8744087
HE3083,5.43,5.2842293
HE2499,5.62,4.8558884
HE1738,5.92,5.887456
HE2674,5.57,4.9853663
HE9084,5.0,5.687356
HE9180,4.52,5.3612804
HE3519,5.3,4.973004
HE268,7.7,7.9753675
HE2019,5.8,4.641771
HE4240,5.1,3.839954
HE5913,4.8,4.3289037
HE3510,5.3,5.181972
HE7648,4.43,4.0416903
HE1489,6.01,6.3660536
HE8087,4.22,4.5076604
HE7272,4.49,5.1100416
HE8652,3.48,3.141323
HE3155,5.4,3.6487715
HE2023,5.8,3.7558463
HE1571,6.0,5.7791624
HE5319,4.96,5.9104624
HE2125,5.79,4.85061
HE6561,4.6,4.8078594
HE2778,5.52,6.9928265
HE1154,6.24,6.271974
HE4372,5.07,5.915121
HE6049,4.75,6.0580196
HE5322,4.96,4.7226195
HE1298,6.12,5.732476
HE6855,4.52,6.4136825
HE5265,5.0,4.499456
HE564,6.9,6.6166725
HE638,6.77,5.9889097
HE6262,4.7,5.3858585
HE2485,5.63,5.520341
HE1836,5.9,6.1151853
HE266,7.7,5.4579983
HE5361,4.96,5.231682
HE3033,5.45,5.1404467
HE8890,6.82,5.6667657
HE4872,5.0,4.6810684
HE6163,4.7,4.1691175
HE2834,5.5,6.8183312
HE2143,5.77,4.961497
HE8025,4.26,4.595499
HE8702,0.02,2.7368155
HE3034,5.45,3.5348291
HE5995,4.77,5.7711473
HE6391,4.65,3.061079
HE3026,5.46,4.629524
HE7363,4.48,4.8467755
HE3394,5.32,4.995982
HE6796,4.52,4.9366336
HE1742,5.92,5.4061484
HE762,6.6,7.739682
HE8893,5.31,4.4802094
HE764,6.6,4.110073
HE4367,5.07,5.614145
HE1181,6.2,6.2178307
HE3299,5.37,4.984144
HE8601,3.76,4.4253535
HE1124,6.3,5.31102
HE3249,5.4,4.7682924
HE1447,6.05,5.2217317
HE587,6.85,4.944587
HE922,6.42,5.5223317
HE3334,5.35,5.98939
HE6701,4.55,5.110193
HE3482,5.3,5.3019457
HE4025,5.15,6.5945206
HE7304,4.48,4.578579
HE8663,3.0,3.7385147
HE4116,5.13,5.475226
HE2289,5.7,6.2308755
HE2901,5.5,6.277292
HE4276,5.1,5.5179396
HE4632,5.0,5.942287
HE3556,5.3,6.0323277
HE1184,6.2,6.974201
HE6183,4.7,4.8982677
HE4900,5.0,5.617897
HE4440,5.05,5.4861994
HE1021,6.36,5.4143777
HE4114,5.13,5.3012156
HE5522,4.9,5.385379
HE621,6.8,7.0982966
HE6214,4.7,4.562278
HE2099,5.8,4.7737975
HE5467,4.92,4.388244
HE8431,4.0,4.4253516
HE8738,3.88,6.6471543
HE5823,4.8,2.821333
HE2095,5.8,5.226863
HE8166,4.2,4.278425
HE6621,4.59,3.9275389
HE4014,5.16,4.78588
HE8594,3.8,3.6076722
HE9030,5.0,2.568536
HE928,6.41,7.234549
HE8800,7.68,6.1646104
HE7107,4.51,4.671134
HE7858,4.3,4.4163637
HE1085,6.3,6.8670177
HE8952,7.3,6.6153803
HE1146,6.25,5.4549255
HE5297,4.98,6.1989737
HE1374,6.1,5.43919
HE7270,4.49,5.5426292
HE775,6.6,5.054318
HE3257,5.39,4.3333673
HE7739,4.4,5.5698977
HE5305,4.98,5.889841
HE519,7.0,4.0054693
HE5415,4.95,5.7072163
HE4732,5.0,5.369091
HE107,8.31,6.9513817
HE8966,4.2,4.5324907
HE7541,4.46,5.931217
HE1088,6.3,5.695253
HE4158,5.11,5.7190766
HE7269,4.49,5.358533
HE3847,5.2,6.673741
HE6623,4.59,4.251113
HE5951,4.8,4.9216604
HE3182,5.4,5.053674
HE8012,4.28,4.463877
HE2302,5.7,5.500111
HE2226,5.71,4.945309
HE417,7.2,6.2941265
HE1003,6.4,5.412478
HE6863,4.52,5.084932
HE213,7.9,6.0192876
HE2866,5.5,6.389771
HE766,6.6,6.5475674
HE1759,5.91,5.8410096
HE4128,5.12,4.6549325
HE7531,4.47,4.0696054
HE9170,4.51,5.300688
HE8236,4.1,5.182754
HE5732,4.85,4.8490553
HE8299,4.05,5.154152
HE5883,4.8,4.760782
HE1544,6.0,6.104795
HE1150,6.25,5.4012566
HE8912,4.37,4.281188
HE995,6.4,6.00784
HE108,8.31,8.374097
HE5793,4.82,4.7684603
HE2472,5.64,5.647096
HE4996,5.0,5.0750976
HE4095,5.14,5.8231153
HE5973,4.8,4.314696
HE1196,6.2,5.167457
HE4303,5.09,5.7139964
HE5503,4.9,4.489224
HE3533,5.3,4.810241
HE829,6.52,5.12866
HE7622,4.45,4.0243964
HE3743,5.23,4.773209
HE4052,5.15,7.5817876
HE3429,5.31,5.2977834
HE7965,4.3,5.246051
HE7509,4.48,4.4795065
HE4246,5.1,6.0534368
HE2817,5.51,5.0292635
HE8629,3.54,3.3672726
HE6964,4.52,4.7712126
HE510,7.0,7.7687244
HE8211,4.12,4.671024
HE5271,5.0,5.2292447
HE669,6.71,6.0190473
HE240,7.8,5.204736
HE2457,5.65,5.016016
HE6409,4.65,4.2214007
HE6798,4.52,5.1671634
HE3904,5.2,5.2408
HE223,7.88,6.99107
HE9058,3.49,4.5212173
HE8670,2.52,3.7431204
HE8468,4.0,4.273953
HE9150,8.0,6.610755
HE6736,4.54,4.888389
HE7984,4.3,6.276829
HE6591,4.6,6.4763913
HE8460,4.0,5.30482
HE748,6.62,5.447097
HE1453,6.05,4.5754986
HE132,8.2,6.1968107
HE5258,5.0,5.088978
HE3838,5.2,4.2096276
HE1430,6.07,5.0806694
HE8848,3.88,5.210553
HE744,6.64,5.818008
HE6042,4.76,4.802802
HE2076,5.8,4.9596057
HE1740,5.92,4.973372
HE4562,5.02,4.9080977
HE4166,5.11,5.2167115
HE9060,4.17,5.4768915
HE7445,4.48,5.003541
HE867,6.5,4.855516
HE3837,5.2,4.6794605
HE971,6.4,5.6284847
HE4526,5.04,5.2280536
HE5831,4.8,4.8180513
HE6936,4.52,4.505828
HE4951,5.0,5.6879888
HE1047,6.32,6.369362
HE354,7.4,7.175749
HE709,6.7,5.6268854
HE2752,5.54,5.389606
HE3873,5.2,5.440008
HE8923,5.24,5.221609
HE475,7.06,3.5009677
HE1596,6.0,5.234576
HE7022,4.52,4.7525873
HE8139,4.2,4.5324907
HE1771,5.9,6.214128
HE3687,5.25,4.957072
HE8245,4.1,2.8938522
HE3001,5.47,6.211034
HE4490,5.0,5.172096
HE9073,4.87,4.6003423
HE3661,5.26,4.197855
HE8164,4.2,4.1112375
HE2459,5.65,4.512913
HE5706,4.85,4.7430015
HE7728,4.4,4.5421133
HE4417,5.06,4.477929
HE3932,5.2,4.2648063
HE7146,4.5,4.8192873
HE3045,5.45,6.1129103
HE790,6.6,6.262131
HE4907,5.0,5.518733
HE8189,4.15,5.968579
HE8162,4.2,4.7461867
HE1741,5.92,6.526082
HE6324,4.68,3.8258667
HE1852,5.9,5.2637873
HE5762,4.84,5.259639
HE4814,5.0,4.384219
HE8364,4.0,3.7563765
HE4234,5.1,4.238311
HE8222,4.1,5.450902
HE3207,5.4,5.729873
HE5197,5.0,4.654202
HE3881,5.2,4.742134
HE8719,7.52,5.645656
HE9101,5.33,5.055993
HE7087,4.52,4.964235
HE4635,5.0,4.817213
HE5146,5.0,5.3335285
HE3430,5.31,4.7874866
HE5745,4.85,5.110559
HE593,6.82,6.722497
HE8383,4.0,4.0694604
HE1607,6.0,5.1943135
HE1746,5.92,6.44977
HE555,6.9,7.5424967
HE512,7.0,5.990405
HE7183,4.5,6.401415
HE3099,5.42,5.418394
HE9178,4.52,5.2367945
HE4903,5.0,3.7924
HE909,6.44,7.4743896
HE3291,5.37,4.5195007
HE9133,4.52,4.1317916
HE8088,4.22,5.3680277
HE6683,4.55,5.8008614
HE4594,5.01,5.3684263
HE6766,4.52,5.214601
HE2940,5.49,5.954466
HE3350,5.34,5.157901
HE2151,5.76,5.5838137
HE1314,6.1,5.922767
HE15,9.21,7.954076
HE8857,5.82,3.1308672
HE6836,4.52,4.748265
HE7179,4.5,4.603431
HE2465,5.64,5.5089865
HE1609,6.0,6.9590044
HE8177,4.18,3.4947438
HE6300,4.69,5.0652037
HE5726,4.85,5.2210035
HE3615,5.28,6.118067
HE6363,4.66,4.270951
HE3106,5.42,4.677608
HE7887,4.3,4.368514
HE7259,4.49,5.487902
HE4075,5.14,5.1009197
HE5431,4.93,5.9748893
HE2907,5.5,5.2952757
HE1935,5.85,4.923441
HE7772,4.38,4.6721134
HE8697,0.6,1.5981693
HE8062,4.22,5.0695634
HE4002,5.17,5.1193485
HE3502,5.3,4.5964966
HE3123,5.41,4.7336392
HE7759,4.4,3.1497147
HE7184,4.5,5.564848
HE1794,5.9,5.502033
HE2184,5.74,4.195317
HE2865,5.5,4.025107
HE2796,5.52,5.083263
HE3329,5.35,4.53353
HE6396,4.65,5.57537
HE9113,7.0,4.6551056
HE6602,4.6,5.752153
HE7730,4.4,4.664026
HE1804,5.9,6.567776
HE5285,5.0,6.378474
HE5508,4.9,5.0532618
HE2803,5.52,3.6620402
HE8283,4.1,3.3889403
HE9198,4.98,5.2993455
HE7026,4.52,6.322582
HE8846,1.12,4.725554
HE1407,6.1,4.451948
HE701,6.7,6.0857687
HE7910,4.3,5.021068
HE3211,5.4,5.807927
HE4837,5.0,4.6401777
HE1350,6.1,5.308208
HE3412,5.32,3.584104
HE3468,5.3,4.3548307
HE1731,5.92,4.970455
HE4278,5.1,4.9280777
HE4986,5.0,5.468411
HE5104,5.0,4.557475
HE6010,4.77,5.467414
HE1889,5.89,5.400768
HE7676,4.4,5.3538604
HE4626,5.0,4.868486
HE2276,5.7,4.7688446
HE6200,4.7,4.677187
HE2084,5.8,4.4848185
HE2500,5.62,4.7838216
HE8549,3.98,3.5087156
HE1373,6.1,5.5668926
HE7860,4.3,3.4844763
HE880,6.5,6.558563
HE5260,5.0,5.3672233
HE2577,5.6,5.31266
HE8192,4.15,3.7738986
HE2904,5.5,5.6359906
HE3127,5.41,4.543783
HE1011,6.38,5.448572
HE7447,4.48,4.1081567
HE5042,5.0,4.793008
HE4430,5.1,5.3181725
HE8496,4.0,4.87652
HE3970,5.18,4.8285
HE3762,5.22,5.555591
HE3716,5.24,5.2163386
HE4716,5.0,6.2797856
HE9136,5.4,4.5642276
HE8580,3.81,3.0926955
HE3470,5.3,5.550516
HE3209,5.4,5.2558336
HE2253,5.7,6.3655043
HE2610,5.6,6.2353473
HE7650,4.43,4.9229465
HE3980,5.18,5.4723687
HE6748,4.53,5.177817
HE4376,5.07,6.7526445
HE7488,4.48,5.205483
HE5034,5.0,6.33299
HE222,7.89,8.967518
HE4707,5.0,4.4764624
HE6901,4.52,4.126761
HE6716,4.55,3.294188
HE9092,6.08,3.7389545
HE7928,4.3,4.5174785
HE4841,5.0,4.6815457
HE1340,6.1,6.370864
HE8862,4.89,5.366038
HE6099,4.74,6.057198
HE7389,4.48,4.3010936
HE1431,6.07,5.969481
HE6121,4.72,5.338644
HE7587,4.45,3.8415732
HE2693,5.56,5.043562
HE1617,6.0,4.3436327
HE1278,6.15,4.9702263
HE933,6.4,5.817016
HE1039,6.33,6.3707027
HE466,7.1,6.344103
HE3922,5.2,5.5652676
HE3591,5.29,5.4217043
HE5610,4.89,4.6641865
HE5275,5.0,5.49578
HE3270,5.39,5.505637
HE6072,4.74,4.810978
HE7736,4.4,5.369164
HE2068,5.8,5.2800674
HE5027,5.0,4.9872236
HE7987,4.3,3.2312958
HE5096,5.0,4.1555233
HE7545,4.45,4.2048254
HE1560,6.0,4.4100447
HE2949,5.49,5.748103
HE7486,4.48,4.432377
HE5213,5.0,4.413525
HE4873,5.0,5.040415
HE2555,5.6,3.7647035
HE8396,4.0,4.6019163
HE3459,5.3,5.4560695
HE8909,4.6,3.731303
HE6349,4.68,4.803469
HE7604,4.45,8.479875
HE7903,4.3,4.822845
HE305,7.54,7.0136185
HE3356,5.34,5.4178295
HE2166,5.74,3.6023068
HE3590,5.29,5.5240464
HE1296,6.12,6.1827292
HE3708,5.24,5.046051
HE7756,4.4,4.108016
HE6313,4.69,4.759547
HE3126,5.41,6.390478
HE6609,4.6,4.3922668
HE4042,5.15,3.9145722
HE2589,5.6,4.9057336
HE7915,4.3,4.4079876
HE8927,6.92,6.264586
HE731,6.68,5.0589237
HE1288,6.14,5.8414426
HE7934,4.3,5.2476625
HE4820,5.0,4.907797
HE4701,5.0,6.003633
HE1145,6.25,5.314889
HE5588,4.9,5.486959
HE1329,6.1,4.622384
HE3258,5.39,5.601859
HE1200,6.2,5.902902
HE8463,4.0,6.2445545
HE212,7.9,7.4364886
HE941,6.4,4.6527243
HE2550,5.6,4.013811
HE3079,5.43,3.2121036
HE4360,5.08,4.561367
HE5782,4.82,4.610399
HE5367,4.95,6.612412
HE2570,5.6,5.310426
HE9004,5.47,5.659952
HE1316,6.1,6.158337
HE8465,4.0,4.77066
HE1072,6.3,4.7831225
HE5981,4.79,4.915538
HE8409,4.0,5.218829
HE7399,4.48,3.7026057
HE2911,5.5,5.2795434
HE4630,5.0,4.7860303
HE2355,5.7,6.521488
HE6465,4.62,5.8669524
HE13,9.21,8.167164
HE5759,4.84,5.2232847
HE737,6.66,4.3589687
HE2615,5.6,6.3709035
HE1671,5.96,7.693723
HE454,7.1,6.830761
HE7360,4.48,4.2529683
HE6868,4.52,3.85727
HE1069,6.3,4.813391
HE5447,4.92,6.168466
HE2408,5.68,4.537953
HE38,8.8,7.826917
HE7454,4.48,4.1441464
HE2493,5.62,5.014522
HE20,9.12,6.5598745
HE3998,5.17,4.9715333
HE1157,6.24,5.594357
HE7845,4.31,4.3999043
HE8417,4.0,3.890739
HE2139,5.77,5.0300217
HE2934,5.49,5.864864
HE5550,4.9,4.9884915
HE3961,5.19,5.519429
HE539,6.92,5.426048
HE2699,5.55,5.4431663
HE6780,4.52,4.195444
HE6590,4.6,5.3933744
HE2089,5.8,5.4273033
HE1035,6.34,5.5139904
HE1057,6.3,6.3492804
HE2993,5.47,4.7187724
HE3022,5.46,4.3136954
HE677,6.7,6.091443
HE857,6.5,3.8761275
HE8289,4.08,3.7287693
HE1673,5.96,7.302921
HE966,6.4,6.0067863
HE1471,6.04,5.322791
HE347,7.41,6.751263
HE7441,4.48,4.4572544
HE7020,4.52,4.7110014
HE3455,5.3,6.078569
HE1791,5.9,4.7464085
HE1019,6.36,5.4954405
HE2112,5.8,6.1900187
HE7147,4.5,4.3560357
HE8876,4.23,5.037367
HE3699,5.25,3.7280977
HE6536,4.6,5.124054
HE1627,6.0,5.774367
HE4672,5.0,3.663527
HE9044,5.68,5.688818
HE7841,4.31,3.917868
HE1982,5.82,7.109916
HE9156,5.0,4.2719345
HE4251,5.1,6.144283
HE6334,4.68,4.776297
HE8657,3.3,4.4049826
HE3015,5.46,5.045019
HE9066,4.7,5.6374955
HE2860,5.5,4.7114887
HE9203,4.49,4.3175097
HE9075,5.01,4.5112267
HE5390,4.95,5.2524047
HE7461,4.48,4.9918723
HE6626,4.59,5.9933796
HE8502,4.0,6.191472
HE5829,4.8,4.391337
HE9082,4.74,4.676971
HE8662,3.0,4.8389015
HE7822,4.34,4.0744143
HE7104,4.51,4.36872
HE4044,5.15,5.3188753
HE8781,5.47,6.407954
HE2192,5.74,5.485174
HE5437,4.92,4.3551116
HE3071,5.43,5.3485103
HE6782,4.52,5.2737536
HE8529,4.0,4.2079163
HE334,7.49,6.460561
HE7785,4.37,4.7867665
HE7837,4.32,5.0694356
HE1958,5.83,5.208023
HE2767,5.52,4.850206
HE3255,5.39,5.416688
HE3017,5.46,4.7089505
HE7342,4.48,5.1522827
HE7218,4.5,5.4648094
HE3310,5.37,6.483881
HE6362,4.66,4.8012347
HE1484,6.02,5.9819837
HE1727,5.92,5.1552687
HE8050,4.22,5.609615
HE6235,4.7,4.7899437
HE7251,4.5,5.323704
HE6833,4.52,3.7415502
HE1929,5.85,5.136775
HE8558,3.91,3.8710265
HE7667,4.41,4.131329
HE3065,5.44,5.354336
HE8314,4.03,3.989089
HE7473,4.48,4.7723756
HE3317,5.36,5.568961
HE2374,5.7,5.5736127
HE5788,4.82,5.0332217
HE5970,4.8,5.5582423
HE4610,5.0,5.4823494
HE6392,4.65,4.3857474
HE5938,4.8,4.8804936
HE5047,5.0,5.0106826
HE8728,5.83,7.5613627
HE24,9.02,6.5175614
HE7134,4.5,5.0401835
HE5065,5.0,5.375537
HE293,7.6,6.849577
HE5664,4.88,4.211746
HE1189,6.2,5.2088594
HE1818,5.9,4.8068943
HE7235,4.5,4.744311
HE5594,4.9,6.6995764
HE5299,4.98,4.458944
HE4939,5.0,6.5925746
HE6779,4.52,5.3665648
HE7581,4.45,3.303602
HE2389,5.68,5.848756
HE4852,5.0,4.1246247
HE6190,4.7,6.834574
HE4687,5.0,6.5433707
HE8267,4.1,4.6120863
HE1473,6.04,4.768359
HE6884,4.52,4.506812
HE2153,5.76,4.7091637
HE4735,5.0,4.84019
HE3143,5.4,4.8408294
HE7164,4.5,4.5297513
HE6002,4.77,4.507069
HE5016,5.0,4.713044
HE8911,4.38,3.8279808
HE497,7.0,6.868241
HE4268,5.1,5.490264
HE5492,4.91,5.4876757
HE6522,4.6,5.4105945
HE1319,6.1,5.1391025
HE8930,6.49,4.943453
HE1112,6.3,5.017898
HE7951,4.3,4.5148387
HE7462,4.48,4.6874833
HE6124,4.72,4.075266
HE34,8.84,7.8013515
HE6026,4.77,5.653413
HE51,8.7,8.264422
HE1920,5.85,4.384806
HE6539,4.6,4.6818523
HE4029,5.15,4.468592
HE2456,5.65,5.320283
HE2544,5.6,5.485394
HE6904,4.52,4.4043975
HE5889,4.8,4.596322
HE3627,5.28,5.634048
HE501,7.0,5.1801276
HE5805,4.82,5.7461896
HE5228,5.0,5.8220544
HE4660,5.0,4.670001
HE9120,6.02,5.945779
HE3166,5.4,6.2442207
HE104,8.32,6.4572926
HE1176,6.22,6.1376276
HE2007,5.8,7.5655093
HE5071,5.0,4.5654035
HE7708,4.4,4.5640945
HE3782,5.22,4.9196787
HE4954,5.0,3.8914833
HE6544,4.6,4.7508273
HE6040,4.76,5.9437714
HE8920,7.62,7.610844
HE246,7.8,7.025848
HE150,8.1,6.9550443
HE2128,5.78,6.083401
HE186,8.0,6.610755
HE2305,5.7,6.283709
HE1863,5.89,4.5315146
HE759,6.6,6.0191793
HE2593,5.6,5.608115
HE7311,4.48,4.516208
HE7511,4.48,5.5806913
HE6210,4.7,4.8761973
HE4148,5.11,4.1080513
HE8205,4.12,4.334833
HE4086,5.14,5.1276836
HE4327,5.1,5.216279
HE6275,4.7,4.82445
HE9132,5.74,5.888589
HE8354,4.0,3.920178
HE4631,5.0,4.3813834
HE7909,4.3,4.4247227
HE1878,5.89,5.828983
HE1964,5.82,5.803109
HE3134,5.4,6.076844
HE9162,5.77,5.8819523
HE3064,5.44,5.6256
HE1624,6.0,6.442427
HE551,6.9,4.9071684
HE1514,6.0,6.494172
HE2261,5.7,6.1023707
HE8324,4.0,3.614909
HE8973,4.2,4.2973485
HE8635,3.52,5.491256
HE6492,4.6,8.28661
HE18,9.14,6.8627563
HE4249,5.1,5.0346975
HE6261,4.7,6.6966887
HE3974,5.18,5.2886634
HE1163,6.22,6.098447
HE3107,5.42,6.0743127
HE7081,4.52,5.4825425
HE6136,4.72,4.468667
HE4901,5.0,5.490978
HE1418,6.09,7.03605
HE6887,4.52,4.0136695
HE5366,4.95,5.7982183
HE5791,4.82,5.1413813
HE6552,4.6,5.767456
HE7704,4.4,4.3813834
HE7034,4.52,3.9181323
HE6176,4.7,5.500607
HE3856,5.2,4.4701695
HE6367,4.66,4.5045934
HE5663,4.88,5.217455
HE4748,5.0,4.4273853
HE6493,4.6,3.3201673
HE5648,4.89,5.7007303
HE3308,5.37,4.625131
HE2895,5.5,5.3305254
HE4961,5.0,5.875489
HE1615,6.0,4.7365003
HE8269,4.1,4.929831
HE5961,4.8,6.8620543
HE2123,5.79,4.965843
HE169,8.0,6.9292145
HE6297,4.7,6.4967895
HE4487,5.0,4.883468
HE8770,5.42,4.769898
HE5864,4.8,4.8515215
HE4604,5.0,5.4458785
HE6499,4.6,5.1939125
HE6660,4.57,3.927518
HE6772,4.52,5.1672072
HE2378,5.7,4.731643
HE3210,5.4,6.6382976
HE3414,5.32,5.3989086
HE2645,5.59,5.751694
HE6311,4.69,4.827653
HE7673,4.4,5.075175
HE4412,5.06,4.555107
HE7290,4.49,4.971063
HE8338,4.0,4.2943316
HE719,6.7,5.2855663
HE7811,4.35,3.4868445
HE6578,4.6,4.273433
HE7039,4.52,5.202438
HE2313,5.7,6.0025234
HE488,7.0,5.4455633
HE8315,4.03,4.334833
HE3406,5.32,5.1375365
HE4374,5.07,5.0562196
HE9134,7.3,7.7030315
HE4697,5.0,4.8149343
HE3747,5.23,5.4373817
HE2535,5.6,5.965728
HE6828,4.52,4.2001452
HE8406,4.0,4.525694
HE4386,5.07,5.883789
HE1096,6.3,7.0181184
HE2763,5.52,3.9496536
HE4418,5.06,6.0715046
HE6469,4.62,5.19973
HE1651,6.0,5.5656075
HE7818,4.34,5.5692906
HE3321,5.36,4.7341013
HE4051,5.15,5.7668557
HE1559,6.0,5.079154
HE6337,4.68,4.1691027
HE2927,5.5,5.7824187
HE1558,6.0,8.915882
HE7444,4.48,4.1837153
HE4217,5.1,5.3815074
HE6717,4.55,3.145245
HE5468,4.92,4.939643
HE3709,5.24,4.690856
HE1979,5.82,4.8657503
HE6115,4.72,5.2828536
HE2945,5.49,4.23466
HE6935,4.52,4.4980664
HE9171,5.0,4.537105
HE5943,4.8,4.570374
HE2058,5.8,4.3148365
HE683,6.7,5.7758203
HE1955,5.84,4.8947463
HE7619,4.45,4.6422772
HE6157,4.7,5.1203094
HE7469,4.48,4.043435
HE3378,5.33,4.9134903
HE3051,5.44,5.276369
HE2228,5.7,5.807433
HE2129,5.78,5.4835124
HE6712,4.55,5.28223
HE8262,4.1,5.660144
HE8753,7.99,5.3998294
HE1401,6.1,5.8601575
HE3940,5.2,5.469611
HE6685,4.55,4.6598763
HE1394,6.1,5.539859
HE8661,3.02,3.3963284
HE430,7.2,7.485677
HE8313,4.04,6.3842583
HE5460,4.92,5.0896225
HE386,7.3,6.0417404
HE7339,4.48,4.41452
HE3579,5.3,5.411554
HE3318,5.36,6.269351
HE7517,4.48,5.8166285
HE2273,5.7,4.5671263
HE8124,4.2,4.9318213
HE2996,5.47,4.82023
HE4398,5.06,4.5281706
HE8130,4.2,4.623081
HE5874,4.8,5.5132246
HE1056,6.3,6.1899767
HE234,7.8,7.0692973
HE6985,4.52,4.667765
HE6244,4.7,4.3422604
HE4377,5.07,5.3423986
HE8201,4.13,4.4366665
HE812,6.55,6.604234
HE3574,5.3,4.9249244
HE8985,4.2,4.1403604
HE4990,5.0,5.198039
HE1833,5.9,4.4722457
HE4718,5.0,3.8622866
HE3659,5.26,5.01559
HE7616,4.45,3.6257193
HE112,8.3,5.2291293
HE5966,4.8,6.2628922
HE7585,4.45,3.1455545
HE3413,5.32,5.0421586
HE8475,4.0,4.68299
HE102,8.33,6.6955104
HE320,7.52,5.4586954
HE4354,5.08,5.963006
HE2612,5.6,4.018403
HE626,6.8,6.48107
HE6320,4.68,4.5131497
HE6790,4.52,5.118755
HE3972,5.18,4.8849325
HE2621,5.6,5.7033315
HE3162,5.4,5.3137727
HE335,7.49,5.8714724
HE5577,4.9,3.5328224
HE7007,4.52,5.3033686
HE2405,5.68,4.236922
HE3834,5.2,7.772194
HE8937,8.3,6.8698883
HE462,7.1,4.411063
HE1053,6.31,5.601989
HE4160,5.11,4.4809036
HE9,9.37,7.9543815
HE100,8.36,7.085117
HE6146,4.71,4.3710647
HE6450,4.63,4.054567
HE2819,5.51,4.971062
HE3205,5.4,5.6270065
HE2808,5.52,5.868434
HE32,8.9,4.589366
HE1225,6.2,6.7898297
HE5418,4.95,5.240543
HE4223,5.1,5.3212647
HE541,6.92,6.6063066
HE3821,5.2,4.237495
HE1692,5.96,7.2588634
HE7385,4.48,5.515245
HE3129,5.4,5.4787884
HE9008,5.21,6.195275
HE8141,4.2,4.286198
HE8761,5.18,5.7042274
HE6880,4.52,4.650406
HE7203,4.5,5.1424084
HE6957,4.52,5.769832
HE5847,4.8,4.9216537
HE7175,4.5,4.818985
HE6402,4.65,4.367516
HE5710,4.85,2.7053761
HE1663,5.98,4.513765
HE7370,4.48,4.825657
HE1632,6.0,4.752245
HE4395,5.07,5.916653
HE602,6.8,4.7703295
HE2771,5.52,6.0460887
HE6504,4.6,6.9309015
HE5982,4.79,4.61942
HE1045,6.32,6.245257
HE5585,4.9,4.926867
HE4828,5.0,4.9929323
HE8249,4.1,4.685843
HE8063,4.22,5.547514
HE2862,5.5,5.1445217
HE292,7.6,8.775566
HE9026,5.0,4.9437823
HE2760,5.52,5.1646214
HE8214,4.11,4.084772
HE6102,4.73,6.3315296
HE619,6.8,7.589917
HE4602,5.01,4.788644
HE595,6.82,5.042591
HE8133,4.2,4.2973485
HE7681,4.4,6.302458
HE5077,5.0,4.5657682
HE4388,5.07,6.034688
HE8049,4.22,4.234171
HE4569,5.02,4.320895
HE6540,4.6,3.4160714
HE7359,4.48,4.082273
HE7397,4.48,3.6313286
HE6441,4.64,4.827273
HE5313,4.97,5.0820675
HE7129,4.5,5.696439
HE3095,5.42,5.4712067
HE4780,5.0,4.752027
HE7167,4.5,4.338784
HE5132,5.0,3.6518335
HE7848,4.3,4.934503
HE5457,4.92,5.5383816
HE6484,4.61,4.7530723
HE9194,5.0,4.265256
HE8275,4.1,3.9197538
HE2863,5.5,4.988462
HE8791,5.51,3.6873598
HE4336,5.08,5.252437
HE4696,5.0,4.4615293
HE5832,4.8,5.7696595
HE1966,5.82,7.4628015
HE5994,4.77,5.429933
HE8660,3.04,3.1400037
HE4624,5.0,4.9215164
HE7383,4.48,4.803011
HE3888,5.2,3.9090853
HE7457,4.48,4.299047
HE8377,4.0,3.9799087
HE1403,6.1,5.407822
HE7380,4.48,4.9993625
HE3769,5.22,3.2137628
HE2914,5.5,6.3225927
HE6686,4.55,4.2745585
HE4454,5.05,4.7608767
HE6840,4.52,4.087469
HE2442,5.66,6.139579
HE4690,5.0,4.618229
HE5600,4.9,4.513955
HE2888,5.5,5.7494774
HE1919,5.85,6.800587
HE749,6.62,6.1104565
HE3993,5.17,5.0458803
HE1916,5.85,4.14579
HE3280,5.38,5.4279323
HE2881,5.5,5.9065785
HE6672,4.56,4.452316
HE1127,6.29,7.3966746
HE6203,4.7,4.224861
HE8278,4.1,4.6224775
HE4652,5.0,4.98723
HE8734,4.23,5.3615456
HE4353,5.08,4.8792367
HE6555,4.6,5.677402
HE8337,4.0,4.2658777
HE2466,5.64,5.1497498
HE9024,5.0,5.6671114
HE3686,5.25,5.533181
HE1480,6.03,4.5670896
HE3845,5.2,5.571305
HE2922,5.5,4.5825586
HE4757,5.0,5.814573
HE665,6.72,5.435997
HE6999,4.52,5.8144674
HE842,6.51,4.4850616
HE6667,4.57,4.5211296
HE5035,5.0,6.0003767
HE4856,5.0,5.010257
HE4047,5.15,4.7557693
HE834,6.52,3.8505423
HE2908,5.5,5.784607
HE8365,4.0,4.401998
HE873,6.5,5.116717
HE1323,6.1,4.7343736
HE4751,5.0,5.158717
HE3401,5.32,5.318084
HE8784,3.99,5.6062107
HE6448,4.63,5.1368203
HE2447,5.65,6.540282
HE7707,4.4,6.498351
HE2222,5.71,4.755052
HE6824,4.52,5.104833
HE2730,5.55,6.9381685
HE1604,6.0,4.894169
HE6845,4.52,4.346367
HE3419,5.32,5.74208
HE8439,4.0,4.729236
HE8817,6.92,7.0783734
HE5207,5.0,4.4690566
HE1576,6.0,5.3430104
HE3804,5.21,3.950035
HE412,7.21,5.974128
HE614,6.8,7.264463
HE2292,5.7,5.4586587
HE8142,4.2,4.3543267
HE5681,4.87,4.510986
HE5497,4.91,4.944699
HE5314,4.97,5.3893647
HE8371,4.0,4.173134
HE9195,5.0,4.787241
HE605,6.8,5.946598
HE31,8.9,5.866572
HE1769,5.9,6.1800547
HE264,7.7,7.9596987
HE1685,5.96,6.0031466
HE248,7.8,6.8425508
HE853,6.5,6.3250957
HE7765,4.4,3.5217576
HE4465,5.05,4.9403243
HE200,7.96,4.9110427
HE533,6.96,5.8267937
HE1733,5.92,5.240223
HE7671,4.4,5.1221023
HE1223,6.2,5.4804735
HE6924,4.52,5.4743595
HE6585,4.6,5.6392717
HE456,7.1,5.4960914
HE8046,4.22,4.1467376
HE1198,6.2,6.4621162
HE5459,4.92,4.8371964
HE5170,5.0,5.399749
HE2288,5.7,5.5956173
HE4193,5.1,5.4206066
HE5247,5.0,5.473606
HE6693,4.55,5.271934
HE4829,5.0,5.049964
HE4862,5.0,5.4950943
HE3525,5.3,5.475315
HE1938,5.85,4.4389253
HE7992,4.3,4.467116
HE3981,5.18,5.0216618
HE7620,4.45,5.0276966
HE7273,4.49,5.5791283
HE4195,5.1,5.3617167
HE4589,5.01,4.3104496
HE3338,5.35,4.9403534
HE6446,4.64,5.0369444
HE6413,4.64,4.547502
HE8395,4.0,4.318657
HE5163,5.0,5.1286106
HE1254,6.17,5.762932
HE2400,5.68,5.1093683
HE218,7.9,7.7687244
HE1006,6.38,5.7969885
HE7963,4.3,4.8844366
HE6041,4.76,5.4591937
HE3814,5.2,5.5132856
HE6351,4.67,5.632743
HE6481,4.61,4.850905
HE1594,6.0,6.484044
HE3783,5.22,6.052334
HE6350,4.68,4.238751
HE676,6.7,5.7495036
HE2363,5.7,5.503949
HE5652,4.89,4.6816998
HE6992,4.52,4.6634808
HE2003,5.8,5.70344
HE230,7.82,7.5868363
HE3449,5.3,5.4669175
HE6859,4.52,4.868399
HE4255,5.1,6.7914305
HE7443,4.48,4.529822
HE5946,4.8,5.004985
HE6573,4.6,3.9762197
HE5555,4.9,5.101201
HE9108,4.48,4.856363
HE8825,5.0,5.335771
HE2679,5.57,5.976113
HE1689,5.96,6.2637157
HE2743,5.54,5.4130974
HE5685,4.87,4.9808884
HE8540,4.0,4.0431643
HE3544,5.3,5.9539227
HE6640,4.58,5.4569135
HE8361,4.0,4.4794025
HE1315,6.1,6.24082
HE2440,5.66,4.7859693
HE6860,4.52,4.768963
HE2214,5.72,7.2490287
HE338,7.48,6.6439776
HE4424,5.05,5.446319
HE2698,5.55,6.65216
HE4724,5.0,5.312307
HE5738,4.85,5.4806094
HE6225,4.7,4.1339393
HE6080,4.74,4.446917
HE9057,4.3,4.887024
HE7066,4.52,4.916618
HE3539,5.3,4.556273
HE1227,6.2,7.6286616
HE97,8.38,5.509464
HE2578,5.6,4.1172204
HE3662,5.26,4.944581
HE7076,4.52,5.373024
HE6056,4.75,4.068806
HE7094,4.51,5.1933722
HE7516,4.48,3.4218433
HE2108,5.8,5.1952806
HE8469,4.0,3.81631
HE9190,5.4,5.1502724
HE1018,6.37,6.2192087
HE5529,4.9,5.841877
HE6579,4.6,4.315797
HE7501,4.48,5.0494785
HE2885,5.5,5.0419617
HE351,7.4,8.252003
HE5757,4.85,2.5249212
HE6424,4.64,3.7072992
HE5199,5.0,5.2770004
HE7703,4.4,5.5553355
HE7489,4.48,5.270397
HE7654,4.42,7.3498535
HE3985,5.18,5.5134983
HE4230,5.1,5.140255
HE1211,6.2,5.2651124
HE565,6.9,6.8134475
HE4846,5.0,5.372201
HE8302,4.05,4.161278
HE5667,4.88,5.1462655
HE3650,5.27,5.1147075
HE5538,4.9,5.0601006
HE5427,4.94,6.10415
HE7754,4.4,3.7953608
HE743,6.64,4.3903913
HE181,8.0,7.366414
HE1116,6.3,6.0030794
HE3306,5.37,4.6273513
HE350,7.4,4.91978
HE514,7.0,5.671279
HE4191,5.1,5.1449976
HE1562,6.0,5.3293467
HE4334,5.08,6.0273724
HE3460,5.3,4.9875803
HE6759,4.52,4.462901
HE4008,5.16,4.5493255
HE82,8.49,5.69619
HE6910,4.52,4.3795347
HE5741,4.85,6.0719247
HE7582,4.45,4.361192
HE3115,5.41,5.4654574
HE832,6.52,4.825784
HE1766,5.9,5.3881044
HE4642,5.0,5.0553603
HE7839,4.32,5.5170436
HE1427,6.08,7.6950026
HE5642,4.89,4.995501
HE2516,5.61,5.6365657
HE3032,5.45,5.131427
HE7586,4.45,5.9158144
HE4103,5.13,4.760285
HE1517,6.0,6.661819
HE3019,5.46,7.5934005
HE8878,4.68,4.263923
HE1643,6.0,5.383725
HE7381,4.48,5.645208
HE2168,5.74,5.6004467
HE2623,5.6,4.326749
HE7109,4.51,4.6324615
HE8827,5.39,5.4636607
HE5826,4.8,3.544277
HE1923,5.85,4.6894674
HE7521,4.47,4.8840523
HE711,6.7,5.568011
HE7479,4.48,5.42562
HE5068,5.0,5.2055454
HE7865,4.3,5.296471
HE6948,4.52,4.5531116
HE4536,5.04,4.96721
HE6789,4.52,5.4686823
HE5509,4.9,5.370811
HE4437,5.05,5.7684374
HE3353,5.34,5.268463
HE1719,5.92,6.3648415
HE9163,5.0,4.451749
HE6756,4.52,4.9757657
HE5334,4.96,4.949411
HE1140,6.27,3.967967
HE4054,5.15,5.164467
HE2311,5.7,6.6852202
HE7262,4.49,4.3747816
HE5372,4.95,7.434178
HE2240,5.7,6.1189156
HE4864,5.0,4.1831636
HE2421,5.67,3.7990577
HE173,8.0,5.0727563
HE6009,4.77,5.0237412
HE7823,4.34,4.0527306
HE40,8.78,8.679488
HE6461,4.62,4.075621
HE3965,5.19,5.2206573
HE5618,4.89,4.5351834
HE6276,4.7,4.7783794
HE9045,4.2,4.278425
HE6182,4.7,4.679647
HE3061,5.44,6.0328465
HE4285,5.1,4.3328114
HE5763,4.84,5.984878
HE8277,4.1,4.519117
HE8742,6.06,6.0433846
HE2522,5.6,5.833764
HE7307,4.48,4.2101254
HE4603,5.01,6.2863994
HE3711,5.24,6.9651723
HE2868,5.5,5.820765
HE5721,4.85,5.001697
HE5734,4.85,5.0700235
HE534,6.96,5.026624
HE8584,3.8,3.9277394
HE5369,4.95,4.293216
HE3442,5.3,5.644995
HE3718,5.24,4.8456793
HE66,8.6,7.2419815
HE3990,5.17,6.4766407
HE3027,5.46,5.568306
HE355,7.4,6.837076
HE2871,5.5,5.0034733
HE8799,6.36,7.5437946
HE2338,5.7,6.4226613
HE3088,5.43,5.4721336
HE7932,4.3,4.686288
HE6755,4.52,4.5264997
HE2909,5.5,5.2240853
HE7138,4.5,4.634794
HE2869,5.5,6.0426426
HE5936,4.8,4.8675346
HE473,7.07,7.6285167
HE4607,5.0,4.3786426
HE5029,5.0,4.678723
HE8210,4.12,4.180057
HE4984,5.0,5.1492324
HE5272,5.0,4.5491705
HE2450,5.65,4.721608
HE869,6.5,5.683607
HE1841,5.9,5.576583
HE324,7.5,5.5249615
HE6112,4.72,3.8514814
HE4511,5.0,4.112272
HE5107,5.0,4.874223
HE2304,5.7,7.345202
HE1729,5.92,5.5684676
HE6638,4.58,4.1598053
HE8671,2.46,4.7694964
HE3173,5.4,3.6255538
HE8585,3.8,3.4253187
HE7526,4.47,4.294883
HE5505,4.9,3.9007149
HE1076,6.3,4.935477
HE3170,5.4,4.712138
HE1255,6.17,6.130763
HE3466,5.3,5.8105392
HE2519,5.6,4.5248
HE5661,4.88,6.813772
HE3167,5.4,9.059061
HE5279,5.0,4.4666467
HE8808,7.55,7.3938355
HE5324,4.96,4.6132383
HE3347,5.34,5.157901
HE4825,5.0,5.3492475
HE74,8.52,6.816043
HE5269,5.0,4.679252
HE4392,5.07,4.42037
HE8452,4.0,3.7634041
HE6770,4.52,4.984009
HE4881,5.0,5.4220505
HE8851,4.13,4.393669
HE8511,4.0,4.4236197
HE8777,7.05,5.8702087
HE6734,4.54,5.244535
HE6422,4.64,4.9032655
HE7155,4.5,5.027944
HE1510,6.0,6.361247
HE9085,5.0,5.086204
HE2026,5.8,5.9231944
HE119,8.3,7.927041
HE7061,4.52,5.3402753
HE5169,5.0,3.2158744
HE3285,5.38,6.9605803
HE5442,4.92,4.9415374
HE7752,4.4,4.5901437
HE7751,4.4,3.25454
HE1220,6.2,6.3024487
HE3853,5.2,4.6873064
HE5824,4.8,5.7794833
HE7220,4.5,5.419227
HE5091,5.0,5.1371784
HE3949,5.19,5.380307
HE2303,5.7,5.091991
HE450,7.1,6.6769667
HE4869,5.0,5.0684404
HE8928,5.09,5.3576565
HE2345,5.7,6.893049
HE8069,4.22,4.77161
HE5066,5.0,5.212853
HE178,8.0,4.6440444
HE133,8.2,6.554835
HE5846,4.8,4.1855445
HE4011,5.16,5.2934546
HE1375,6.1,6.1258364
HE2813,5.51,5.147034
HE1,9.85,8.685209
HE4068,5.15,5.8758645
HE88,8.44,7.787778
HE6475,4.62,6.508325
HE8598,3.77,3.8262868
HE1865,5.89,4.8675776
HE4605,5.0,5.0785694
HE7803,4.36,5.665127
HE8157,4.2,4.187943
HE7496,4.48,4.421339
HE7001,4.52,5.0938773
HE3480,5.3,4.549458
HE8232,4.1,4.3899517
HE8804,6.15,3.6749454
HE8002,4.29,3.4946933
HE7666,4.41,4.050605
HE4281,5.1,4.459007
HE3246,5.4,4.953556
HE409,7.22,5.29099
HE2665,5.58,5.6011004
HE2580,5.6,4.186784
HE6189,4.7,3.8698533
HE1028,6.35,6.862239
HE158,8.05,7.9119153
HE1422,6.09,4.5624185
HE389,7.3,5.071695
HE7029,4.52,5.804889
HE8823,4.65,6.863962
HE8356,4.0,3.811832
HE3296,5.37,5.106273
HE8074,4.22,4.9828744
HE4721,5.0,5.089944
HE713,6.7,7.02831
HE6335,4.68,5.3965707
HE511,7.0,6.633404
HE1062,6.3,6.7245994
HE8386,4.0,4.02862
HE4491,5.0,5.808489
HE3515,5.3,5.0339265
HE7741,4.4,4.77185
HE1503,6.0,9.229404
HE7123,4.5,3.701664
HE7566,4.45,3.9145637
HE3640,5.27,5.167369
HE5115,5.0,5.1760697
HE2437,5.66,4.8003216
HE679,6.7,6.6969934
HE5318,4.97,5.2626467
HE5530,4.9,4.6593037
HE9167,5.89,5.401963
HE6932,4.52,4.2165203
HE8654,3.39,4.658648
HE3754,5.22,5.0539327
HE958,6.4,6.834413
HE3333,5.35,4.5786824
HE2604,5.6,5.9083242
HE8237,4.1,4.4513683
HE5217,5.0,3.974373
HE1748,5.92,5.5611787
HE9001,5.0,6.277499
HE4123,5.12,5.3484545
HE725,6.69,5.8298707
HE4133,5.12,4.6591597
HE5609,4.89,4.7822437
HE8472,4.0,5.931752
HE4238,5.1,6.9106874
HE795,6.6,6.880784
HE7131,4.5,4.293874
HE4082,5.14,6.314515
HE3028,5.46,5.4790587
HE4141,5.12,3.9548855
HE252,7.75,4.5927763
HE3551,5.3,6.1515303
HE6384,4.65,5.4532814
HE3934,5.2,5.3855157
HE8792,4.92,4.2704
HE6030,4.77,4.677121
HE5251,5.0,4.7943983
HE2322,5.7,5.062085
HE3140,5.4,3.8916717
HE3871,5.2,4.865644
HE1234,6.2,5.206864
HE4561,5.0,5.7492685
HE2756,5.52,4.1320043
HE3575,5.3,4.488817
HE8055,4.22,4.7349324
HE7310,4.48,5.091595
HE7924,4.3,6.574173
HE6988,4.52,3.4527075
HE3541,5.3,5.4159837
HE4467,5.05,6.8905554
HE5171,5.0,4.955278
HE4442,5.05,5.2082696
HE8639,3.52,3.757722
HE6180,4.7,2.699133
HE4122,5.12,5.6541495
HE4662,5.0,4.8279
HE3206,5.4,3.7044196
HE6118,4.72,4.5156364
HE4304,5.09,5.2450094
HE8752,4.04,5.0661006
HE1397,6.1,6.032352
HE4708,5.0,4.6777368
HE5786,4.82,6.2099967
HE5533,4.9,4.7527065
HE3474,5.3,5.93389
HE1043,6.32,6.0389957
HE612,6.8,5.2112827
HE7320,4.48,3.9719262
HE6381,4.65,2.366638
HE258,7.7,6.3501396
HE8779,7.72,5.850877
HE6111,4.73,4.8670955
HE7655,4.42,5.4270096
HE4101,5.13,5.101209
HE4048,5.15,4.4798307
HE4175,5.1,6.516322
HE1792,5.9,6.0705786
HE3626,5.28,4.603793
HE6462,4.62,4.427294
HE6283,4.7,4.3003488
HE504,7.0,5.196571
HE3208,5.4,5.755389
HE275,7.67,5.355025
HE1346,6.1,4.199713
HE4948,5.0,3.919366
HE6071,4.74,6.2530494
HE7560,4.45,3.1387992
HE2484,5.64,4.7131658
HE4171,5.1,5.290394
HE4719,5.0,4.364523
HE7043,4.52,5.10111
HE7343,4.48,4.652286
HE9072,5.0,6.0196424
HE4611,5.0,5.35752
HE4863,5.0,3.9895828
HE109,8.3,7.5286493
HE684,6.7,6.030788
HE2247,5.7,6.291774
HE1795,5.9,6.002234
HE998,6.4,4.277407
HE1721,5.92,4.4142013
HE2037,5.8,5.880853
HE1177,6.22,5.243077
HE1347,6.1,4.3507423
HE3892,5.2,5.194811
HE745,6.63,5.7546854
HE8080,4.22,4.6586223
HE5730,4.85,4.6444397
HE2509,5.62,5.294511
HE3693,5.25,5.91409
HE7699,4.4,2.8710935
HE9105,4.22,5.9515915
HE3315,5.36,5.9543095
HE4763,5.0,4.4658237
HE8352,4.0,3.7417707
HE6389,4.65,3.2410555
HE6044,4.75,2.7233834
HE6259,4.7,3.0869706
HE8852,4.74,3.5718238
HE4170,5.1,5.609254
HE2111,5.8,5.1042757
HE694,6.7,6.365852
HE486,7.0,5.6887136
HE3523,5.3,5.3651295
HE6122,4.72,4.6114917
HE983,6.4,5.9116373
HE1262,6.16,7.38154
HE80,8.5,7.7687244
HE2856,5.5,4.682332
HE7519,4.48,4.1841917
HE5435,4.92,4.3233767
HE8982,4.7,4.682611
HE2211,5.72,5.154119
HE5957,4.8,3.9366922
HE6816,4.52,4.417562
HE8518,4.0,3.9385805
HE8704,0.0,3.6193311
HE5715,4.85,5.5111575
HE6891,4.52,4.7378864
HE1579,6.0,5.5788116
HE1946,5.85,3.329565
HE446,7.1,6.579116
HE2320,5.7,5.0680976
HE5800,4.82,5.842665
HE7718,4.4,4.6936064
HE5200,5.0,5.252557
HE5126,5.0,5.8055415
HE4439,5.05,5.077373
HE6994,4.52,5.3710103
HE8874,6.3,6.882558
HE7404,4.48,4.729236
HE1702,5.95,3.6206656
HE5772,4.83,5.586377
HE3913,5.2,5.6571217
HE1808,5.9,6.2989373
HE2729,5.55,5.606712
HE1598,6.0,5.418687
HE7825,4.33,4.7569537
HE8833,5.09,7.768901
HE69,8.59,9.302728
HE2064,5.8,4.8321176
HE49,8.71,7.768162
HE4124,5.12,6.509472
HE1054,6.31,5.490593
HE5333,4.96,4.518792
HE4817,5.0,4.6149063
HE6842,4.52,4.1844897
HE8297,4.06,3.804403
HE604,6.8,6.850227
HE3694,5.25,5.852296
HE7750,4.4,5.2033467
HE9089,4.9,4.7308793
HE4722,5.0,4.066012
HE6642,4.57,5.0897117
HE1468,6.05,6.057826
HE6916,4.52,4.758403
HE2158,5.75,4.6868114
HE394,7.3,6.950063
HE3735,5.23,5.31791
HE231,7.82,7.7687244
HE1321,6.1,5.8640947
HE42,8.77,9.108845
HE4396,5.07,6.705207
HE2974,5.48,4.518306
HE8230,4.1,7.20629
HE8382,4.0,4.9199524
HE1730,5.92,5.6481895
HE2073,5.8,3.126673
HE1531,6.0,4.638464
HE7629,4.45,8.153953
HE4049,5.15,4.5175653
HE7458,4.48,3.6702719
HE2886,5.5,4.5770698
HE6951,4.52,4.009131
HE1324,6.1,5.1113453
HE7033,4.52,5.7906623
HE3625,5.28,4.4735975
HE7883,4.3,4.129798
HE1492,6.0,6.188462
HE7646,4.43,5.171247
HE7975,4.3,5.3925214
HE62,8.66,8.013715
HE4529,5.04,5.526862
HE2749,5.54,5.170925
HE3323,5.36,4.8765
HE5475,4.92,3.2526357
HE403,7.25,4.4229116
HE333,7.49,5.634172
HE7764,4.4,5.0175653
HE1010,6.38,5.2830567
HE1169,6.22,7.3029585
HE3400,5.32,5.424529
HE165,8.0,6.3409824
HE2755,5.53,4.416134
HE2936,5.49,5.065868
HE9137,5.81,4.141528
HE7921,4.3,5.036774
HE8106,4.21,3.7727447
HE6694,4.55,3.9675617
HE1722,5.92,5.00887
HE1439,6.06,7.335249
HE2627,5.6,6.6152353
HE2877,5.5,6.024528
HE7986,4.3,4.463877
HE1335,6.1,6.6274505
HE2549,5.6,4.4717717
HE4113,5.13,5.5315366
HE1660,5.98,3.6609004
HE9098,5.1,4.977661
HE5575,4.9,3.9765298
HE5702,4.85,3.1590824
